,p1,p2,first_turn,winner,turn_count,final_board_state
0,AIv3,Random,AIv3,AIv3,9,"[[0 0 0 0 0 0 0]
 [0 0 0 0 0 0 0]
 [0 0 0 0 0 0 0]
 [0 0 0 0 0 0 0]
 [0 0 7 0 0 0 5]
 [3 0 1 4 6 8 2]]"
0,AIv3,Random,Random,AIv3,10,"[[0 0 0 0 0 0 0]
 [0 0 0 0 0 0 0]
 [0 0 0 0 0 0 0]
 [0 0 0 0 0 0 0]
 [0 0 0 8 0 5 0]
 [2 4 6 1 9 3 7]]"
0,AIv3,Random,AIv3,AIv3,13,"[[ 0  0  0  0  0  0  0]
 [ 0  0  0  0  0  0 12]
 [ 0  0  0  0  0  0 10]
 [ 0  0  0  0  0  0  4]
 [ 0  0  9 11  0  0  2]
 [ 8  5  3  7  6  0  1]]"
0,AIv3,Random,Random,AIv3,8,"[[0 0 0 0 0 0 0]
 [0 0 0 0 0 0 0]
 [0 0 0 0 0 0 0]
 [0 0 0 0 0 0 0]
 [0 0 0 6 0 0 0]
 [2 0 4 1 5 3 7]]"
0,AIv3,Random,AIv3,AIv3,19,"[[ 0  0  0  0  0  0  0]
 [ 0  0  0  0  0  0  0]
 [ 0  0  0 18  0  0 15]
 [ 0  0  0 16 10 17 11]
 [ 8  0  0 14  9 13  6]
 [ 5  1  7  4  3 12  2]]"
0,AIv3,Random,Random,AIv3,20,"[[ 0  0  0  0  0  0 19]
 [ 0  0  0  0  0  0 17]
 [ 0 18  0  0  0  0 15]
 [ 0 10  0  0  0  0  7]
 [ 0  5 14  8 16 11  4]
 [12  2 13  1  6  9  3]]"
0,AIv3,Random,AIv3,AIv3,9,"[[0 0 0 0 0 0 0]
 [0 0 0 0 0 0 0]
 [0 0 0 0 0 0 0]
 [0 0 0 0 0 0 0]
 [7 0 0 0 0 5 0]
 [1 3 0 4 8 2 6]]"
0,AIv3,Random,Random,AIv3,16,"[[ 0  0  0  0  0  0  0]
 [ 0  0  0  0  0  0  0]
 [ 0  0  0  0  0 15  8]
 [ 0  0  0  0 14 13  5]
 [12  0  0  9 10 11  4]
 [ 6  0  0  1  2  7  3]]"
0,AIv3,Random,AIv3,AIv3,19,"[[ 0 18  0  0  0  0  0]
 [ 0 17  0  0  0  0  0]
 [ 0 16  0  0  0  0 11]
 [ 0 14  0  0  8  0  9]
 [15 12  0  0  7 10  6]
 [13  3  0  4  1  5  2]]"
0,AIv3,Random,Random,AIv3,16,"[[ 0  0  0  0  0  0  0]
 [ 0  0  0  0  0  0  0]
 [15 12  0  0  0  0  0]
 [13  7  0  0  0  0  8]
 [11  6  0  0  0  0  5]
 [ 9  4 10  1 14  2  3]]"
0,AIv3,Random,AIv3,AIv3,31,"[[ 0 30  0  0  0  0 17]
 [29 28  0  0  0  0 11]
 [22 26  0  0 27  0  8]
 [21 25 23 20 24 15  7]
 [18 16 19  9  5 12  6]
 [13  3 14  1  4 10  2]]"
0,AIv3,Random,Random,AIv3,16,"[[ 0  0  0  0  0  0  0]
 [ 0  0  0  0  0  0  0]
 [ 0  0  0  0  0 10 15]
 [ 0 14  0  0  0  7 13]
 [ 0 12  0  8 11  6  5]
 [ 0  2  0  1  9  4  3]]"
0,AIv3,Random,AIv3,AIv3,15,"[[ 0  0  0  0  0  0  0]
 [ 0  0  0  0  0  0  0]
 [ 0  0  0  0  0  0  0]
 [ 0  0  0  9  0  0  0]
 [ 0 13 12  8 10 14 11]
 [ 5  1  3  6  4  7  2]]"
0,AIv3,Random,Random,AIv3,14,"[[ 0  0  0  0  0  0 10]
 [ 0  0  0  0  0  0  9]
 [ 0  0  0  0  0  0  7]
 [ 0  0 12  0  0  0  6]
 [ 0  0  8  4  0  0  5]
 [ 0  0  2  1 13 11  3]]"
0,AIv3,Random,AIv3,AIv3,11,"[[ 0  0  0  0  0  0  0]
 [ 0  0  0  0  0  0  0]
 [ 0  0  0  0  0  0  0]
 [ 0  0  0  0  0  0  4]
 [ 0  0  0  7  0  0  3]
 [ 5  1  9  6 10  8  2]]"
0,AIv3,Random,Random,AIv3,16,"[[ 0  0  0  0  0  0  0]
 [ 0  0  0  0  0  0  0]
 [ 0  0  0  0  0 15  0]
 [ 0 12  0  0  0 13  0]
 [14  8  0  2  0 11 10]
 [ 4  5  7  1  6  9  3]]"
0,AIv3,Random,AIv3,AIv3,23,"[[ 0 22  0  0 17  0  0]
 [ 0 20  0  0 15  0  0]
 [ 0 19  0  0 13  0 10]
 [ 0 18 21  0 12  0  9]
 [ 0 16 11  0  7  8  5]
 [ 0 14  3  6  1  4  2]]"
0,AIv3,Random,Random,AIv3,16,"[[ 0  0  0  0  0  0  0]
 [ 0  0  0  0  0  0  0]
 [ 0  0  0  0  0  0 14]
 [ 0  0  0  0  0  8 12]
 [ 0  0 11 15 13  7  5]
 [ 9  6  4  1 10  2  3]]"
0,AIv3,Random,AIv3,AIv3,21,"[[ 0  0  0  0  0 17  0]
 [ 0  0  0  0  0 16  0]
 [ 0  0  0  0  0 14  0]
 [10  0  0 20  0 13 15]
 [ 9 11 18 19  0 12  4]
 [ 3  8  7  5  1  6  2]]"
0,AIv3,Random,Random,AIv3,8,"[[0 0 0 0 0 0 0]
 [0 0 0 0 0 0 0]
 [0 0 0 0 0 0 0]
 [0 0 0 0 0 0 0]
 [0 0 0 0 0 0 0]
 [6 4 2 1 7 5 3]]"
0,AIv3,Random,AIv3,AIv3,9,"[[0 0 0 0 0 0 0]
 [0 0 0 0 0 0 0]
 [0 0 0 0 0 0 0]
 [0 0 0 0 0 0 0]
 [0 0 0 0 0 0 7]
 [1 5 3 4 8 2 6]]"
0,AIv3,Random,Random,AIv3,22,"[[ 0 21  0  0  0  0  0]
 [ 0 19  0  0  0  0  0]
 [ 0 17  0 18  0  0 20]
 [ 0 15  0 12  7  0 10]
 [ 0  8  0  9  6 13  5]
 [14  4 16  1  2 11  3]]"
0,AIv3,Random,AIv3,AIv3,9,"[[0 0 0 0 0 0 0]
 [0 0 0 0 0 0 0]
 [0 0 0 0 0 0 0]
 [0 0 0 0 0 0 7]
 [0 0 0 0 0 0 5]
 [0 1 3 6 4 8 2]]"
0,AIv3,Random,Random,AIv3,10,"[[0 0 0 0 0 0 0]
 [0 0 0 0 0 0 0]
 [0 0 0 0 0 0 9]
 [0 0 0 0 0 0 7]
 [0 0 6 4 0 0 5]
 [0 8 2 1 0 0 3]]"
0,AIv3,Random,AIv3,Random,18,"[[ 0  0  0  0  0  0  0]
 [ 0  0  0  0  0  0  0]
 [ 0  0 16  0 10  0 13]
 [ 0  0 15  0  9 17 12]
 [ 0  0 11  0  7 14  8]
 [ 0  6  1  5  3  4  2]]"
0,AIv3,Random,Random,AIv3,10,"[[0 0 0 0 0 0 0]
 [0 0 0 0 0 0 0]
 [0 0 0 0 0 0 9]
 [0 0 0 0 0 0 7]
 [0 0 0 6 0 0 5]
 [8 0 2 1 0 4 3]]"
0,AIv3,Random,AIv3,AIv3,13,"[[ 0  0  0  0  0  0  0]
 [ 0  0  0  0  0  0  0]
 [ 0  0  0  0  0  0 12]
 [ 4  0  0  0  0  0 10]
 [ 3 11  0  0  0  7  8]
 [ 1  9  0  0  5  2  6]]"
0,AIv3,Random,Random,AIv3,10,"[[0 0 0 0 0 0 0]
 [0 0 0 0 0 0 0]
 [0 0 0 0 0 0 9]
 [0 0 0 0 0 0 7]
 [0 0 0 0 8 0 5]
 [0 0 4 1 6 2 3]]"
0,AIv3,Random,AIv3,AIv3,17,"[[ 0  0  0  0  0  0  0]
 [ 0  0  0  0  0  0 13]
 [ 0  0  0  0  0  0  5]
 [ 0 15  0  0  0  0  4]
 [11 14 16 12  8  0  3]
 [10  7  9  1  6  0  2]]"
0,AIv3,Random,Random,AIv3,8,"[[0 0 0 0 0 0 0]
 [0 0 0 0 0 0 0]
 [0 0 0 0 0 0 0]
 [0 0 0 0 0 0 0]
 [0 0 0 0 0 6 0]
 [2 0 4 1 7 3 5]]"
0,AIv3,Random,AIv3,AIv3,15,"[[ 0  0  0  0  0  0  0]
 [ 0  0  0  0  0  0  0]
 [10  0  0  0  0  0 14]
 [ 9  0  0  0  0  0 12]
 [ 7  0  0 11  0  0  4]
 [ 3 13  5  8  1  6  2]]"
0,AIv3,Random,Random,AIv3,10,"[[0 0 0 0 0 0 0]
 [0 0 0 0 0 0 0]
 [0 0 0 5 0 0 0]
 [0 0 0 4 0 0 0]
 [0 0 0 2 0 0 6]
 [0 8 0 1 9 7 3]]"
0,AIv3,Random,AIv3,AIv3,11,"[[ 0  0  0  0  0  0  0]
 [ 0  0  0  0  0  0  0]
 [ 0  0  0  0  0  0 10]
 [ 0  0  0  0  0  0  8]
 [ 0  9  0  0  0  0  6]
 [ 3  1  0  4  7  5  2]]"
0,AIv3,Random,Random,Random,21,"[[ 0  0  0  0  0  0 20]
 [ 0  0  0  0  0  0 15]
 [ 0  0  0  7 19  0 14]
 [12  0  0  6 18  0 13]
 [ 5  0 10  2 17  0 11]
 [ 4 16  9  1  8  0  3]]"
0,AIv3,Random,AIv3,AIv3,13,"[[ 0  0  0  0  0  0  0]
 [ 0  0  0  0  0  0  0]
 [ 0  0  0  0  0  0 12]
 [ 0  0 11  0  0  0 10]
 [ 0  0  9  0  7  0  8]
 [ 5  0  6  3  4  1  2]]"
0,AIv3,Random,Random,AIv3,12,"[[ 0  0  0  0  0  0  0]
 [ 0  0  0  0  0  0  0]
 [ 0  0 10  0  0  0 11]
 [ 0  0  7  0  0  0  9]
 [ 0  0  6  0  0  0  5]
 [ 0  0  2  1  8  4  3]]"
0,AIv3,Random,AIv3,AIv3,19,"[[ 0  0  0  0  0  0  0]
 [ 0  0  0  0  0  0  0]
 [14  0  0  0  0  0 10]
 [12 18  0  0  0  0  9]
 [11 16  8 17  0 15  7]
 [ 5 13  1  6  4  3  2]]"
0,AIv3,Random,Random,AIv3,20,"[[ 0  0  0  0  0  0  0]
 [ 0  0  0  0  0  0  0]
 [16  0  0  0  0  0 19]
 [ 8  0  0  0 18 11 17]
 [ 7  0 12 14 15 10  5]
 [ 6  9  4  1 13  2  3]]"
0,AIv3,Random,AIv3,AIv3,21,"[[ 0  0  0  0  0  0  0]
 [ 0  0  0 17  0  0  0]
 [ 0  0  0  9  0 20 14]
 [ 0  0  0  6  0 18 13]
 [19 10 16  5  0 12 11]
 [ 1  7  4  3 15  2  8]]"
0,AIv3,Random,Random,AIv3,12,"[[ 0  0  0  0  0  0  0]
 [ 0  0  0  0  0  0  0]
 [ 0  0  0  0  0  0  0]
 [ 0  0  0  0  0  0  5]
 [ 0  8  0  6 10  0  3]
 [ 0  4 11  1  9  7  2]]"
0,AIv3,Random,AIv3,AIv3,13,"[[ 0  0  0  0  0  0  0]
 [ 0  0  0  0  0  0  0]
 [ 0  0  0  0  0  0 12]
 [ 0  0  0  0  0  0 10]
 [ 0  0  0  9  0 11  4]
 [ 3  8  5  7  6  1  2]]"
0,AIv3,Random,Random,AIv3,10,"[[0 0 0 0 0 0 0]
 [0 0 0 0 0 0 0]
 [0 0 0 0 0 0 0]
 [8 0 0 0 0 0 0]
 [6 0 0 0 0 0 4]
 [5 2 0 1 9 7 3]]"
0,AIv3,Random,AIv3,AIv3,21,"[[ 0  0  0  0  0  0 17]
 [ 0  0  0  0  0  0 15]
 [ 0  0  0 11  0  0 14]
 [ 0  0 20  6 16 10  9]
 [ 0  0 18  5 12  7  8]
 [19  0 13  3  4  1  2]]"
0,AIv3,Random,Random,AIv3,10,"[[0 0 0 0 0 0 0]
 [0 0 0 0 0 0 0]
 [0 0 0 0 0 0 9]
 [0 0 0 0 0 0 7]
 [0 0 0 2 0 0 5]
 [8 0 6 1 0 4 3]]"
0,AIv3,Random,AIv3,AIv3,21,"[[ 0  0  0  0  0  0  0]
 [ 0  0  0  0  0  0  0]
 [ 0  0  0 18  0 16  0]
 [15  0  0 17 20 11  4]
 [14 13  0  5 19  8  3]
 [ 9  7 10  1 12  6  2]]"
0,AIv3,Random,Random,AIv3,14,"[[ 0  0  0  0  0  0 10]
 [ 0  0  0  0  0  0  8]
 [ 0  0  0  0  0  0  7]
 [ 0  0  0  0  0 13  6]
 [ 0  0  0  4 11 12  5]
 [ 0  0  0  1  9  2  3]]"
0,AIv3,Random,AIv3,AIv3,19,"[[ 0  0  0  0  0  0  0]
 [ 0  0  0  0  0  0  0]
 [ 0  0  0  0  0  0 18]
 [13  0  0  0 17 12 16]
 [ 9 14  0 15 10 11  4]
 [ 8  3  7  5  6  1  2]]"
0,AIv3,Random,Random,Random,35,"[[ 0  0 22  0  0 32 30]
 [33  0 21  0  0 24 17]
 [31 26 19 34  0 23 16]
 [20  7 18 29 28  9 15]
 [12  6 14 13 27  8  5]
 [11  4 10  1 25  2  3]]"
0,AIv3,Random,AIv3,AIv3,17,"[[ 0  0  0  0  0  0  0]
 [ 0  0  0  0  0  0  0]
 [ 8  0  0  0  0  0  0]
 [ 6  0 13  0 15  0  0]
 [ 5 16 12 14 10  0  0]
 [ 3 11  4  1  7  9  2]]"
0,AIv3,Random,Random,AIv3,24,"[[ 0  0  0  0  0  0  0]
 [ 0  0 14  0  0  0 19]
 [ 0  0  8  0 23 18 16]
 [ 0  0  7 22 21 13 15]
 [17  0  6 20 11 12  5]
 [10  0  2  1  9  4  3]]"
0,AIv3,Random,AIv3,AIv3,11,"[[ 0  0  0  0  0  0  0]
 [ 0  0  0  0  0  0  0]
 [ 0  0  0  0  0  0 10]
 [ 0  0  0  0  9  0  8]
 [ 0  7  0  0  5  0  6]
 [ 0  1  0  3  4  0  2]]"
0,AIv3,Random,Random,AIv3,12,"[[ 0  0  0  0  0  0  0]
 [ 0  0  0  0  0  0  0]
 [ 0  0 11  0  0  0  0]
 [ 0  0  9  0  0  0  0]
 [ 0  0  7  4  0  0  0]
 [ 8 10  5  1  2  6  3]]"
0,AIv3,Random,AIv3,AIv3,9,"[[0 0 0 0 0 0 0]
 [0 0 0 0 0 0 0]
 [0 0 0 0 0 0 0]
 [0 0 0 0 0 0 7]
 [0 0 0 0 0 0 5]
 [0 3 1 6 4 8 2]]"
0,AIv3,Random,Random,AIv3,20,"[[ 0  0  0  0  0  0  0]
 [ 0  0  0  0  0  0  0]
 [16  0  0  0  0  0  0]
 [15 13 11 19  0  0 14]
 [10 12  9 17 18  0  5]
 [ 7  2  6  1  4  8  3]]"
0,AIv3,Random,AIv3,Random,22,"[[ 0  0  0  0  0  0  0]
 [ 0  0 20  0  0  0 21]
 [ 0  0 18  0 12  0  7]
 [ 0  0 16 19 11 14  4]
 [ 0  0 15 13  9 10  2]
 [ 0 17  3  8  5  6  1]]"
0,AIv3,Random,Random,AIv3,8,"[[0 0 0 0 0 0 0]
 [0 0 0 0 0 0 0]
 [0 0 0 0 0 0 0]
 [0 0 0 0 0 0 0]
 [6 0 0 0 0 4 0]
 [2 0 5 1 7 3 0]]"
0,AIv3,Random,AIv3,AIv3,19,"[[ 0  0  0  0  0  0  0]
 [ 0  0  0  0  0  0 17]
 [ 0 18  0  0  0  0 11]
 [ 0 16 14  0  0  0 10]
 [15  8 13  0 12  0  7]
 [ 9  6  1  3  5  4  2]]"
0,AIv3,Random,Random,AIv3,16,"[[ 0  0  0  0  0  0  0]
 [ 0  0  0  0  0  0  0]
 [ 0  0  0  0  0  0  0]
 [ 0  0 14  0 12  0  5]
 [ 0  0 11  6  8 10  3]
 [15 13  7  1  4  9  2]]"
0,AIv3,Random,AIv3,AIv3,17,"[[ 0  0  0  0  0  0  0]
 [ 0  0  0  0  0  0  0]
 [ 0  0  0 16  8 15  0]
 [ 0  0  0 14  7 12  0]
 [ 0  0  0 10  5 11 13]
 [ 9  0  1  6  4  3  2]]"
0,AIv3,Random,Random,AIv3,18,"[[ 0  0  0  0  0  0  0]
 [ 0  0  0  0  0  0  0]
 [ 0  0  0  0  0 17 14]
 [ 9 16  0  0  0 15  5]
 [ 7 10  0  8  0 13  3]
 [ 6  4  0  1 12 11  2]]"
0,AIv3,Random,AIv3,Random,18,"[[ 0  0  0  0  0  0  0]
 [ 0  0  0  0  0  0  0]
 [ 0 14  0  8  0  0  0]
 [ 0 13 15  7 17  0  0]
 [ 0  9 12  5 10  0  0]
 [16  1  6  4  3 11  2]]"
0,AIv3,Random,Random,AIv3,14,"[[ 0  0  0  0  0  0  0]
 [ 0  0  0  0  0  0  0]
 [ 0  0  0  0  0 12  0]
 [ 0  0  0 13  7 11  5]
 [ 0  0  0  9  6 10  3]
 [ 0  0  0  1  4  8  2]]"
0,AIv3,Random,AIv3,AIv3,25,"[[ 0  0  0  0  0  0 15]
 [ 0  0  0  0  0  0 12]
 [21 23  0  0  0 24 11]
 [ 4 17 13  0  0 22  9]
 [ 3 16 10 19  0 20  8]
 [ 1 14  5  6 18  2  7]]"
0,AIv3,Random,Random,AIv3,12,"[[ 0  0  0  0  0  0  0]
 [ 0  0  0  0  0  0  0]
 [ 0  0  0 11  0  0  8]
 [ 0  0  0  9  0  0  5]
 [ 0  0  0  7  0  0  3]
 [10  0  4  1  6  0  2]]"
0,AIv3,Random,AIv3,Random,28,"[[ 0 19  0  0  0 20  0]
 [ 0 17  0  0  0 18  0]
 [ 0 16  0  0  0 14 27]
 [ 0 15 26  4 24 11 25]
 [21 13 22  3 23 10  9]
 [ 5  7  6  1 12  8  2]]"
0,AIv3,Random,Random,AIv3,12,"[[ 0  0  0  0  0  0  0]
 [ 0  0  0  0  0  0  0]
 [ 0  0  0  0  0  0 11]
 [ 0  0  0  0  0  0  9]
 [ 0  8  5  6  0  0  7]
 [10  2  4  1  0  0  3]]"
0,AIv3,Random,AIv3,AIv3,29,"[[26  0  0  0  0  0 15]
 [23  0  0  0  0  0 12]
 [22  0 25  0  0 20  9]
 [21  0 24 28 27 19  4]
 [18 13 17 11 16 14  3]
 [ 7  8  5  1 10  6  2]]"
0,AIv3,Random,Random,AIv3,20,"[[ 0  0  0  0  0  0  0]
 [ 0 19  0  0 18  0  0]
 [ 0 17  0  0 14  0  0]
 [ 0 15  0  0  7 12 10]
 [ 0 13  0  9  6 11  5]
 [16  8  0  1  2  4  3]]"
0,AIv3,Random,AIv3,AIv3,19,"[[ 0  0  0  0  0  0  0]
 [ 0  0  0  0  0  0  0]
 [ 0  0  0 14  0  0 16]
 [ 0  4  0 13 15 18  6]
 [ 0  3  0  9 12 11  5]
 [ 0  1 17  8  7 10  2]]"
0,AIv3,Random,Random,AIv3,28,"[[26 24  0  0  0  0  0]
 [19 22  0  0  0  0 20]
 [17 21  0  0  0  0 11]
 [16  7 14  0  0 27  5]
 [15  6 10 12 23 25  4]
 [13  2  9  1  8 18  3]]"
0,AIv3,Random,AIv3,AIv3,19,"[[ 0  0  0  0  0  0  0]
 [ 0  0  0  0  0  0  0]
 [13 18  0  0  0  0  0]
 [ 8 16 15  0  0  0 17]
 [ 7 14  9 10  0  0 11]
 [ 1 12  4  3  5  2  6]]"
0,AIv3,Random,Random,AIv3,30,"[[ 0  0  0  0 26 28 20]
 [ 0  0  0  0 19 24  9]
 [ 0  0  0 23 17 13  8]
 [ 0  0 27 21 16 12  7]
 [22 29 25  2 15 11  5]
 [18 14  4  1  6 10  3]]"
0,AIv3,Random,AIv3,AIv3,17,"[[ 0  0  0  0  0  0  0]
 [ 0  0  0  0  0  0  0]
 [ 0  0  0  0  0  0 16]
 [ 6  0  0  0  0 12  9]
 [ 5  0  0 15 14 10  4]
 [ 3 13 11  8  7  1  2]]"
0,AIv3,Random,Random,AIv3,16,"[[ 0  0  0  0  0  0  0]
 [ 0  0  0  0  0  0  0]
 [ 0  0  0 13  0  0  0]
 [ 0  0  0 12 15  0  0]
 [ 0  0  9  6 14 11 10]
 [ 2  8  7  1  4  3  5]]"
0,AIv3,Random,AIv3,AIv3,9,"[[0 0 0 0 0 0 0]
 [0 0 0 0 0 0 0]
 [0 0 0 0 0 0 0]
 [0 0 0 0 0 0 0]
 [0 0 0 7 0 0 5]
 [0 1 3 6 4 8 2]]"
0,AIv3,Random,Random,AIv3,10,"[[0 0 0 0 0 0 0]
 [0 0 0 0 0 0 0]
 [0 0 0 0 0 0 9]
 [0 0 0 0 0 0 7]
 [0 0 8 6 0 0 5]
 [0 0 4 1 0 2 3]]"
0,AIv3,Random,AIv3,AIv3,11,"[[ 0  0  0  0  0  0  0]
 [ 0  0  0  0  0  0  0]
 [ 0  0  0  0  0  0 10]
 [ 0  0  0  0  0  0  8]
 [ 0  0  0  9  5  0  6]
 [ 7  0  0  1  3  4  2]]"
0,AIv3,Random,Random,AIv3,20,"[[ 0  0  0  0  0  0 15]
 [ 0  0  0  0  0 19 13]
 [ 0  0  0  0  0 17 12]
 [ 0  0  0 18  0  7  8]
 [ 9  0 11 16  0  5  3]
 [ 6  0 10  1 14  4  2]]"
0,AIv3,Random,AIv3,AIv3,15,"[[ 0  0  0  0  0  0  0]
 [ 0  0  0  0  0 11  0]
 [ 0  0  0  0 14 10  0]
 [ 0  0  0  0 12  9  0]
 [ 0  0 13  0  8  5  2]
 [ 3  0  7  0  6  4  1]]"
0,AIv3,Random,Random,AIv3,8,"[[0 0 0 0 0 0 0]
 [0 0 0 0 0 0 0]
 [0 0 0 0 0 0 0]
 [0 0 0 0 0 0 0]
 [6 0 0 0 0 4 0]
 [2 0 5 1 7 3 0]]"
0,AIv3,Random,AIv3,AIv3,15,"[[ 0  0  0  0  0  0  0]
 [ 0  0  0  0  0  0  0]
 [ 0  0  0  0 14  0  0]
 [ 0  0  0  0 12  0 11]
 [ 0  0  9 13 10  7  6]
 [ 1  0  4  3  8  2  5]]"
0,AIv3,Random,Random,AIv3,20,"[[ 0  0  0  0  0  0  0]
 [ 0  0  0  0  0  0  0]
 [13  0  0  0  0  0  0]
 [12  0  7 18  0  0 16]
 [10 15  6 11 19 17  9]
 [ 2  5  4  1 14  3  8]]"
0,AIv3,Random,AIv3,AIv3,17,"[[ 0  0  0  0  0  0  0]
 [ 0  0  0  0  0  0  0]
 [ 0  0  0  0  0  0 16]
 [ 0 13 15  0  0  0 14]
 [ 0 12 11  7  9 10  4]
 [ 0  3  8  6  5  1  2]]"
0,AIv3,Random,Random,AIv3,14,"[[ 0  0  0  0  0  0  0]
 [ 0  0  0  0  0  0  0]
 [ 0  0  0  0  0  0 11]
 [ 0  0  0  0  0 13  5]
 [ 0  0  0  0  9  8  4]
 [ 6 12 10  1  2  7  3]]"
0,AIv3,Random,AIv3,AIv3,9,"[[0 0 0 0 0 0 0]
 [0 0 0 0 0 0 0]
 [0 0 0 0 0 0 0]
 [0 0 0 0 0 0 0]
 [0 0 0 5 0 0 0]
 [1 3 7 4 8 2 6]]"
0,AIv3,Random,Random,AIv3,18,"[[ 0  0  0  0  0  0  0]
 [ 0  0  0  0  0  0  0]
 [17  0  0  5  0  0 16]
 [15  0  0  4  0  0 14]
 [13  0  0  2 10 12  9]
 [11  0  8  1  7  6  3]]"
0,AIv3,Random,AIv3,AIv3,23,"[[22  0  0  0  0  0  0]
 [21  0  0  0  0  0  0]
 [20  0  0  0  0  0 10]
 [18  0  0 14 19  0  9]
 [16 11 17 13  8 12  7]
 [15  5  6  3  1  4  2]]"
0,AIv3,Random,Random,AIv3,10,"[[0 0 0 0 0 0 0]
 [0 0 0 0 0 0 0]
 [0 0 0 0 0 0 9]
 [0 0 0 0 0 0 7]
 [0 0 0 6 0 8 5]
 [0 0 2 1 0 4 3]]"
0,AIv3,Random,AIv3,AIv3,11,"[[ 0  0  0  0  0  0  0]
 [ 0  0  0  0  0  0  0]
 [ 0  0  0  0  0  0 10]
 [ 0  0  0  0  0  0  8]
 [ 9  0  0  5  0  0  6]
 [ 3  0  1  4  7  0  2]]"
0,AIv3,Random,Random,AIv3,12,"[[ 0  0  0  0  0  0  0]
 [ 0  0  0  0  0  0  8]
 [ 0  0  0  0  0  0  7]
 [ 0  0  0  0  0  0  6]
 [ 0  0  0  0  0  0  4]
 [ 5  2 10  1  9 11  3]]"
0,AIv3,Random,AIv3,AIv3,15,"[[ 0  0  0  0  0  0  0]
 [ 0  0  0  0  0  0 14]
 [ 0  0 13  0  0  0 12]
 [ 0  0  6 11  0  0  4]
 [ 0  0  5 10  0  0  2]
 [ 7  0  3  8  9  0  1]]"
0,AIv3,Random,Random,AIv3,18,"[[ 0  0  0  0  0  0  0]
 [ 0  0  0  0  0  0  0]
 [ 0  0  0 17  0  0  0]
 [11  0  0 15 16  0 14]
 [10  0  0 13 12  7  5]
 [ 8  2  4  1  9  6  3]]"
0,AIv3,Random,AIv3,Random,26,"[[ 0  0  0  0  0 14  0]
 [ 0  0  0  0  0 13  0]
 [ 0  0 24  0 23 12  0]
 [19  0 20 25 21 11 22]
 [16  9  5 15 18 10 17]
 [ 7  8  1  3  6  4  2]]"
0,AIv3,Random,Random,AIv3,18,"[[ 0  0  0  0  0  0 12]
 [ 0  0  0  0  0  0  6]
 [ 0  0  0 17  0  0  5]
 [16  0  0 15  0  0  4]
 [11  0 14  9  0  0  3]
 [ 7 13  8  1  0 10  2]]"
0,AIv3,Random,AIv3,Random,22,"[[ 0  0  0  0  0  0  0]
 [ 0  0  0  0  0  0 15]
 [21  0  0  0 14  0 11]
 [19  0 20  0 13 12 10]
 [17  0 18  0  9  7  8]
 [ 1  5 16  6  3  2  4]]"
0,AIv3,Random,Random,AIv3,16,"[[ 0  0  0  0  0  0  0]
 [ 0  0  0  0  0  0 15]
 [ 0  0  0  0  0  0 13]
 [ 0  0  0  0  9 12  5]
 [ 0  0  0 11  8 10  3]
 [ 0  6 14  1  4  7  2]]"
0,AIv3,Random,AIv3,AIv3,9,"[[0 0 0 0 0 0 0]
 [0 0 0 0 0 0 0]
 [0 0 0 0 0 0 0]
 [0 0 0 0 0 0 0]
 [7 0 0 0 0 3 5]
 [1 0 0 8 6 2 4]]"
0,AIv3,Random,Random,AIv3,18,"[[ 0  0  0  0  0  0  0]
 [ 0  0  0  0  0  0  0]
 [ 0  0  0  0  0  0 13]
 [ 0  0  0  0 14 17  7]
 [16  5  0 12  9 15  4]
 [11  2  8  1  6 10  3]]"
0,AIv3,Random,AIv3,AIv3,13,"[[ 0  0  0  0  0  0  0]
 [ 0  0  0  0  0  0  0]
 [ 0  0  0  0  0  0 12]
 [ 0  0  0  0  0  0 10]
 [ 0  0  0  9  7  0  8]
 [11  5  6  3  4  1  2]]"
0,AIv3,Random,Random,AIv3,16,"[[ 0  0  0  0  0  0  0]
 [ 0  0  0  0  0  0  0]
 [ 0  0  0 15  0  0  0]
 [ 0  0  0 13  0  5 12]
 [ 0 14  0 11 10  4  9]
 [ 8  6  0  1  7  2  3]]"
,p1,p2,first_turn,winner,turn_count,final_board_state
0,AIv3,Random,AIv3,AIv3,9,"[[0 0 0 0 0 0 0]
 [0 0 0 0 0 0 0]
 [0 0 0 0 0 0 0]
 [0 0 0 0 0 0 0]
 [7 0 0 0 0 3 0]
 [1 5 0 6 8 2 4]]"
0,AIv3,Random,Random,AIv3,20,"[[ 0  0  0  0  0  0  0]
 [ 0  0  0  0  0  0  0]
 [10  0  0  0  0 15 14]
 [ 9  0  0  0 17  7 13]
 [ 8  0  0 11 16  6  5]
 [ 4 18 19  1 12  2  3]]"
0,AIv3,Random,AIv3,AIv3,17,"[[ 0  0  0  0  0  0  0]
 [ 0  0  0  0  0  0  0]
 [ 0  0  0  0  0  0 16]
 [10  0  0  4  0  0 14]
 [ 8  0  0  3 15 11 12]
 [ 5  7  6  1 13  9  2]]"
0,AIv3,Random,Random,AIv3,24,"[[ 0  0  0  0 18  0  0]
 [ 0 23  0  0 14  0  0]
 [ 0 21  0  0 11  0 16]
 [10 19  0  0  7 22 12]
 [ 9 17  0  0  6 15  5]
 [ 8  4 20  1  2 13  3]]"
0,AIv3,Random,AIv3,AIv3,17,"[[ 0  0  0  0  0  0 15]
 [ 0  0  0  0  0  0 13]
 [ 0  0  0  0 16  0  4]
 [ 0  0  0  0 14  0  3]
 [ 0  0  0  0 10  7  2]
 [12 11  9  5  8  6  1]]"
0,AIv3,Random,Random,AIv3,10,"[[0 0 0 0 0 0 0]
 [0 0 0 0 0 0 0]
 [0 0 0 0 0 0 0]
 [0 0 0 0 0 0 0]
 [0 0 0 5 0 8 6]
 [4 2 0 1 9 7 3]]"
0,AIv3,Random,AIv3,AIv3,17,"[[ 0  0  0  0  0  0  0]
 [ 0  0  0  0  0  0  0]
 [ 0  0  0  0  0  0 16]
 [ 0  0 15  0 10  0 14]
 [ 0 11 13  8  9  0  6]
 [ 5  3  7  4  1 12  2]]"
0,AIv3,Random,Random,AIv3,14,"[[ 0  0  0  0  0  0  0]
 [ 0  0  0  0  0  0  9]
 [ 0  0  0  0  0  0  7]
 [ 0  0  0  0  0  0  6]
 [ 0 10  0  4  0  0  5]
 [12  8  2  1 13 11  3]]"
0,AIv3,Random,AIv3,Random,24,"[[ 0  0  0  0  0  0 17]
 [ 0  0  0  0 13  0 16]
 [ 0  0  0 23  7  0 15]
 [ 0 22 21 11  4  0 14]
 [ 0 19 12  9  3 20 10]
 [ 0  5  8  6  1 18  2]]"
0,AIv3,Random,Random,AIv3,24,"[[ 0  0  0  0  0  0  0]
 [ 0  0  0  0  0  0 22]
 [21  0  0  0  0 18 11]
 [20 23  0  0 19 13  8]
 [14  9  5 17 16 12  7]
 [ 4  6  2  1 15 10  3]]"
,p1,p2,first_turn,winner,turn_count,final_board_state
0,AIv3,Random,AIv3,AIv3,25,"[[ 0  0  0  0  0  0  0]
 [ 0  0  0  0 21  0  0]
 [ 0  0  0  0 17 11 18]
 [ 0 20 24 22 16  4 13]
 [19 15 23 12 14  3  6]
 [10  5  9  7  8  1  2]]"
0,AIv3,Random,Random,AIv3,16,"[[ 0  0  0  0  0  0  0]
 [ 0  0 12  0  0  0 11]
 [ 0  0 10  0  0  0  9]
 [ 0  0  5  0  0  0  8]
 [ 0  0  4  6  0  0  7]
 [14  0  2  1 15 13  3]]"
0,AIv3,Random,AIv3,AIv3,21,"[[ 0 20  0  0  0  0  0]
 [ 0 19  0  0  0  0  0]
 [ 0 18  0  0 17  0  0]
 [ 0 16  0  0 12 13  6]
 [11 15  0  0  9 10  5]
 [ 1 14  7  8  3  2  4]]"
0,AIv3,Random,Random,AIv3,12,"[[ 0  0  0  0  0  0  0]
 [ 0  0  0  0  0  0  0]
 [ 0  0  0  0  0  0  0]
 [ 0  0  0  7  0  0  8]
 [ 0  0  0  6  0  0  3]
 [ 4 10  9  1 11  5  2]]"
0,AIv3,Random,AIv3,AIv3,21,"[[ 0  0  0  0  0  0  0]
 [ 0  0  0  0  0  0  0]
 [ 0 20  0 15  0 19  0]
 [ 0 18  0 14  9 12  0]
 [ 0 16 17 10  6 11  5]
 [13  8  7  1  4  3  2]]"
0,AIv3,Random,Random,Random,19,"[[ 0  0  0  0  0  0  0]
 [ 0  0  0  0  0  0  0]
 [ 0  0  0  0 18  0  0]
 [10  0  0 12 16  0  0]
 [ 5 17  8  2 14 11 13]
 [ 4 15  7  1  6  9  3]]"
0,AIv3,Random,AIv3,AIv3,19,"[[ 0 18  0  0  0  0  0]
 [ 0 17  0  0  0  0  0]
 [ 0 16  0  0  0  0  0]
 [ 0 14  0  0 10  0  7]
 [ 0 13  0 11  9  8  6]
 [ 5 12 15  4  3  1  2]]"
0,AIv3,Random,Random,Random,25,"[[23  0  0  0  0  0  0]
 [21  0  0  0  0  0  0]
 [20 22  0  0  0  0  0]
 [19  7 24 18 11  0 14]
 [17  6 13 12 10 16  5]
 [15  2  9  1  8  4  3]]"
0,AIv3,Random,AIv3,AIv3,23,"[[ 0 22  0  0  0  0 19]
 [ 0 20  0  0  0  0 11]
 [ 0 18  0  0  0  0  8]
 [ 0 17  0 15 14 12  7]
 [ 0 16  0 13  5 10  6]
 [21  9  0  1  4  3  2]]"
0,AIv3,Random,Random,AIv3,14,"[[ 0  0  0  0  0  0  0]
 [ 0  0  0  0  0  0  0]
 [ 0  0  0  0  9  0 13]
 [ 0  0  0 12  7  0 11]
 [ 0  0  0 10  6  0  5]
 [ 0  2  8  1  4  0  3]]"
